province;red;green;blue;x;x
1;10;10;0;Bedlingtonshire;x
2;90;90;100;NorthTynedale;x
3;170;170;10;Hexhamshire;x
4;20;20;110;Alnwick;x
5;100;100;20;Redesdale;x
6;180;180;120;Islandshire;x
7;30;30;30;HolyIsland;x
8;110;110;130;Norhamshire;x
9;190;190;40;SouthBerwick;x
10;40;40;140;SouthTynedale;x
11;120;120;50;Coquetdale;x
12;200;200;150;Glendale;x
13;50;50;60;Corbridge;x
14;130;130;160;Tynemouth;x
15;210;210;70;Newcastle;x
16;60;60;170;Morpeth;x
17;140;140;80;Cramlington;x
18;220;220;180;Kirkharle;x
19;70;70;90;Bamburgh;x
20;150;150;0;LangbaurghWest;x
21;230;230;100;Lonsdale;x
22;80;80;10;Newbiggin;x
23;160;160;110;Cumberland;x
24;240;10;20;Leath;x
25;10;90;120;Esk;x
26;90;170;30;SouthernAllerdale;x
27;170;20;130;NorthernAllerdale;x
28;20;100;40;Appleby;x
29;100;180;140;Kendal;x
30;180;30;50;KirkbyLonsdale;x
31;30;110;150;Brough;x
32;110;190;60;Furness;x
33;190;40;160;Durham;x
34;40;120;70;Jarrow;x
35;120;200;170;BarnardCastle;x
36;200;50;80;Amounderness;x
37;50;130;180;ChesterLeStreet;x
38;130;210;90;Easington;x
39;210;60;0;Blackburn;x
40;60;140;100;Stockton;x
41;140;220;10;Darlington;x
42;220;70;110;York;x
43;70;150;20;Claro;x
44;150;230;120;Bulmer;x
45;230;80;30;OuseandDerwent;x
46;80;160;130;Ewcross;x
47;160;10;40;WestStaincliffe;x
48;240;90;140;LowerSkyrack;x
49;10;170;50;Morely;x
50;90;20;150;Agbrigg;x
51;170;100;60;Staincross;x
52;20;180;160;BarkstonAsh;x
53;100;30;70;Strafforth;x
54;180;110;170;Tickhill;x
55;30;190;80;Osgoldcross;x
56;110;40;180;Ainsty;x
57;190;120;90;HangEast;x
58;40;200;0;GillingEast;x
59;120;50;100;Allertonshire;x
60;200;130;10;Halikeld;x
61;50;210;110;Birdforth;x
62;130;60;20;LangbaurghEast;x
63;210;140;120;Ryedale;x
64;60;220;30;Whitby;x
65;140;70;130;Pickering;x
66;220;150;40;Scarborough;x
67;70;230;140;Buckrose;x
68;150;80;50;Dickering;x
69;230;160;150;MiddleHolderness;x
70;80;10;60;Holme;x
71;160;90;160;Howdenshire;x
72;240;170;70;Hullshire;x
73;10;20;170;Hunsley;x
74;90;100;80;Wilton;x
75;170;180;180;Bainton;x
76;20;30;90;Craikshire;x
77;100;110;0;Goole;x
78;180;190;100;Leyland;x
79;30;40;10;Salford;x
80;110;120;110;WestDerby;x
81;190;200;20;LowerDulas;x
82;40;50;120;LowerAled;x
83;120;130;30;Creuddyn;x
84;200;210;130;Ruthin;x
85;50;60;40;Yale;x
86;130;140;140;Bromfield;x
87;210;220;50;Maylor;x
88;60;70;150;Hopedale;x
89;140;150;60;Mold;x
90;220;230;160;Hawarden;x
91;70;80;70;Coleshill;x
92;150;160;170;Rhuddlan;x
93;230;10;80;Prestatyn;x
94;80;90;180;Chirk;x
95;160;170;90;Llanfyllin;x
96;240;20;0;Mathrafal;x
97;10;100;100;Machynlleth;x
98;90;180;10;Llanidloes;x
99;170;30;110;Newton;x
100;20;110;20;Ceri;x
101;100;190;120;YstlygDeuddwr;x
102;180;40;30;Pool;x
103;30;120;130;Cawrse;x
104;110;200;40;Montgomery;x
105;190;50;140;Churchstoke;x
106;40;130;50;Pentre;x
107;120;210;150;CwmwdDeuddwr;x
108;200;60;60;Rhaeadr;x
109;50;140;160;Maelinydd;x
110;130;220;70;Burford;x
111;210;70;170;Colwyn;x
112;60;150;80;Painscastle;x
113;140;230;180;Radnor;x
114;220;80;90;Presthesmede;x
115;70;160;0;Norton;x
116;150;10;100;Knighton;x
117;230;90;10;Bulith;x	
118;80;170;110;Merthyr;x
119;160;20;20;Defynnog;x
120;240;100;120;Pencelli;x
121;10;180;30;Crucywel;x
122;90;30;130;Talgarth;x
123;170;110;40;Hay;x
124;20;190;140;Holyhead;x
125;100;40;50;Talybolion;x
126;180;120;150;Twrcelyn;x
127;30;200;60;Dindaethwy;x
128;110;50;160;Menai;x
129;190;130;70;Malltreath;x
130;40;210;170;Llifon;x
131;120;60;80;Commitmaen;x
132;200;140;180;Dinlaen;x
133;50;220;90;Cafflogion;x
134;130;70;0;UpperGwyrfai;x
135;210;150;100;LowerGwyrfai;x
136;60;230;10;UpperArlechwedd;x
137;140;80;110;LowerArlechwedd;x
138;220;160;20;Nanconwy;x
139;70;10;120;UpperArdudwy;x
140;150;90;30;LowerArdudwy;x
141;230;170;130;Talybont;x
142;80;20;40;Mawddwy;x
143;160;100;140;Ystumanner;x
144;240;180;50;UpperTryweryn;x
145;10;30;150;LowerTryweryn;x
146;90;110;60;Edeirnion;x
147;170;190;160;WaltersCastle;x
148;20;40;70;SaintHillary;x
149;100;120;170;Penarth;x
150;180;200;80;Moddyn;x
151;30;50;180;Troedyraur;x
152;110;130;90;Eifianydd;x
153;190;210;0;LowerNevern;x
154;40;60;100;UpperNevern;x
155;120;140;10;Penchester;x
156;200;220;110;StDavids;x
157;50;70;20;Dale;x
158;130;150;120;StIshmaels;x
159;210;230;30;WalywnsCastle;x
160;60;80;130;Rosemarket;x
161;140;160;40;Benton;x
162;220;10;140;Haverfordwest;x
163;70;90;50;Picton;x
164;150;170;150;Roch;x
165;230;20;60;Rath;x
166;80;100;160;Wiston;x
167;160;180;70;Llawhaden;x
168;240;30;170;Narberth;x
169;10;110;80;Tenby;x
170;90;190;180;Cilgerran;x
171;170;40;90;Pembroke;x
172;20;120;0;Emlyn;x
173;100;200;100;StClears;x
174;180;50;10;Laugharne;x
175;30;130;110;Ystlwyf;x
176;110;210;20;StStephan;x
177;190;60;120;Elfaed;x
178;40;140;30;Catheiniog;x
179;120;220;130;Caeo;x
180;200;70;40;Bychan;x
181;50;150;140;LowerCennen;x
182;130;230;50;Cydweli;x
183;210;80;150;Carnwyllion;x
184;60;160;60;Bettws;x
185;140;10;160;Swansea;x
186;220;90;70;Llangyfelach;x
187;70;170;170;UpperNeath;x
188;150;20;80;LowerNeath;x
189;230;100;180;UpperAvon;x
190;80;180;90;LowerAvon;x
191;160;30;0;TirIarll;x
192;240;110;100;Margam;x
193;10;190;10;Kenfig;x
194;90;40;110;NewcastleGlamorgan;x
195;170;120;20;GlynOgwr;x
196;20;200;120;Coytif;x
197;100;50;30;Ogmore;x
198;180;130;130;Ruthin;x
199;30;210;40;StQuintins;x
200;110;60;140;StIlltuds;x
201;190;140;50;Penmark;x
202;40;220;150;Taffchurch;x
203;120;70;60;Cardiff;x
204;200;150;160;Miskin;x
205;50;230;70;Rhondda;x
206;130;80;170;Philchester;x
207;210;160;80;MerthyrTydfil;x
208;60;10;180;Machen;x
209;140;90;90;Newport;x
210;220;170;0;Lliswerry;x
211;70;20;100;Caerleon;x
212;150;100;10;Tregrug;x
213;230;180;110;Caldecote;x
214;80;30;20;Chepstow;x
215;160;110;120;Usk;x
216;240;190;30;Trelech;x
217;10;40;130;Abergavenny;x
218;90;120;40;ValeofEwyas;x
219;170;200;140;WhiteCastle;x
220;20;50;50;Skenfrith;x
221;100;130;150;Grosmont;x
222;180;210;60;Monmouth;x
223;30;60;160;UpperDulas;x
224;110;140;70;Llandulas;x
225;190;220;170;Derwen;x
226;40;70;80;Pentrecelyn;x
227;120;150;180;UpperAled;x
228;200;230;90;Denbigh;x
229;50;80;0;Cynllaith;x
230;130;160;100;Llanrhaeadr;x
231;210;10;10;GillingWest;x
232;60;90;110;HangWest;x
233;140;170;20;Burghshire;x
234;220;20;120;EastStancliffe;x
235;70;100;30;UpperSkyrack;x
236;150;180;130;Cheshire;x
237;230;30;40;Broxton;x
238;80;110;140;Bucklow;x
239;160;190;50;Eddisbury;x
240;240;40;150;Macclesfield;x
241;10;120;60;Nantwich;x
242;90;200;160;Northwich;x
243;170;50;70;Wirral;x
244;20;130;170;UpperHolderness;x
245;100;210;80;LowerHolderness;x
246;180;60;180;Epworth;x
247;30;140;90;Corringham;x
248;110;220;0;Manley;x
249;190;70;100;Yarborough;x
250;40;150;10;Bradley;x
251;120;230;110;Well;x
252;200;80;20;Aslacoe;x
253;50;160;120;Lawress;x
254;130;10;30;Wraggoe;x
255;210;90;130;Walshcroft;x
256;60;170;40;Haverstoe;x
257;140;20;140;Ludborough;x
258;220;100;50;Louthesk;x
259;70;180;150;Gartree;x
260;150;30;60;Hill;x
261;230;110;160;Horncastle;x
262;80;190;70;Calcewath;x
263;160;40;170;Bolingbroke;x
264;240;120;80;Birmingham;x
265;10;200;180;Wolmersty;x
266;90;50;90;Kirton;x
267;170;130;0;Elloe;x
268;20;210;100;Graffoe;x
269;100;60;10;Boothby;x
270;180;140;110;Langoe;x
271;30;220;20;Flaxwell;x
272;110;70;120;Loveden;x
273;190;150;30;Aswardhun;x
274;40;230;130;Threo;x
275;120;80;40;Winnlbriggs;x
276;200;160;140;Beltislow;x
277;50;10;50;Avelund;x
278;130;90;150;Ness;x
279;210;170;60;Candleshoe;x
280;60;20;160;Alstoe;x
281;140;100;70;EastRutlandshire;x
282;220;180;170;Oakham;x
283;70;30;80;Martinsley;x
284;150;110;180;Wrandike;x
285;230;190;90;NorthBroxtowe;x
286;80;40;0;SouthBroxtowe;x
287;160;120;100;NorthBingham;x
288;240;200;10;SouthBingham;x
289;10;50;110;NorthNewark;x
290;90;130;20;SouthNewark;x
291;170;210;120;Thurgarton;x
292;20;60;30;Lythe;x
293;100;140;130;NorthRushcliffe;x
294;180;220;40;SouthRushcliffe;x
295;30;70;140;Hatfield;x
296;110;150;50;Oswaldbeck;x
297;190;230;150;Bassetlaw;x
298;40;80;60;Hamestan;x
299;120;160;160;Wirksworth;x
300;200;10;70;Scarsdale;x
301;50;90;170;Morleystone;x
302;130;170;80;Littlechurch;x
303;210;20;180;Appletree;x
304;60;100;90;Repindon;x
305;140;180;0;Gresley;x
306;220;30;100;NorthTotmonslow;x
307;70;110;10;SouthTotmonslow;x
308;150;190;110;NorthPirehill;x
309;230;40;20;SouthPirehill;x
310;80;120;120;WestCuttlestone;x
311;160;200;30;EastCuttlestone;x
312;240;50;130;NorthOfflow;x
313;10;130;40;SouthOfflow;x
314;90;210;140;NorthSeisdon;x
315;170;60;50;SouthSeisdon;x
316;20;140;150;Dudley;x
317;100;220;60;Oswestry;x
318;180;70;160;Pimhill;x
319;30;150;70;NorthBradford;x
320;110;230;170;SouthBradford;x
321;190;80;80;Shrewsbury;x
322;40;160;180;Brimstree;x
323;120;10;90;Wenlock;x
324;200;90;0;Stottesdon;x
325;50;170;100;Overs;x
326;130;20;10;RichardsCastle;x
327;210;100;110;Munslow;x
328;60;180;20;Condover;x
329;140;30;120;Purslow;x
330;220;110;30;Clun;x
331;70;190;130;Ford;x
332;150;40;40;Chirbury;x
333;230;120;140;BishopsCastle;x
334;80;200;50;Wigmore;x
335;160;50;150;Wolphy;x
336;240;130;60;Broxash;x
337;10;210;160;Radlow;x
338;90;60;70;Greytree;x
339;170;140;170;Wormelow;x
340;20;220;80;Webtree;x
341;100;70;180;EywasLacey;x
342;180;150;90;Grimsworth;x
343;30;230;0;Stretford;x
344;110;80;100;Huntington;x
345;190;160;10;Clifford;x
346;40;10;110;Stapleton;x
347;120;90;20;Penwith;x
348;200;170;120;Kerrier;x
349;50;20;30;Pydarshire;x
350;130;100;130;Powdershire;x
351;210;180;40;Triggshire;x
352;60;30;140;Lesnewth;x
353;140;110;50;Stratton;x
354;220;190;150;EastWivelshire;x
355;70;40;60;WestWivelshire;x
356;150;120;160;Scilly;x
357;230;200;70;Axminster;x
358;80;50;170;Bampton;x
359;160;130;80;BlackTorrington;x
360;240;210;180;Braunton;x
361;10;60;90;Cliston;x
362;90;140;0;Coleridge;x
363;170;220;100;Colyton;x
364;20;70;10;Crediton;x
365;100;150;110;EastBudleigh;x
366;180;230;20;Ermington;x
367;30;80;120;Exminster;x
368;110;160;30;Fremington;x
369;190;10;130;Halberton;x
370;40;90;40;Hartland;x
371;120;170;140;Hayridge;x
372;200;20;50;Hayton;x
373;50;100;150;Hemyock;x
374;130;180;60;Lifton;x
375;210;30;160;NorthTawton;x
376;60;110;70;Ottery;x
377;140;190;170;Plympton;x
378;220;40;80;Roborough;x
379;70;120;180;Shebbear;x
380;150;200;90;Shirwell;x
381;230;50;0;SouthMolton;x
382;80;130;100;Stanborough;x
383;160;210;10;Tavistock;x
384;240;60;110;Teignbridge;x
385;10;140;20;Tiverton;x
386;90;220;120;WestBudleigh;x
387;170;70;30;Witheridge;x
388;20;150;130;Wanford;x
389;100;230;40;Abdick;x
390;180;80;140;Bulstone;x
391;30;160;50;Bath;x
392;110;10;150;Bempstone;x
393;190;90;60;Brent;x
394;40;170;160;Bruton;x
395;120;20;70;Cannington;x
396;200;100;170;Carhampton;x
397;50;180;80;Catsash;x
398;130;30;180;Chew;x
399;210;110;90;Chewton;x
400;60;190;0;Crewkerne;x
401;140;40;100;Frone;x
402;220;120;10;Glaston;x
403;70;200;110;Hampton;x
404;150;50;20;Hartcliffe;x
405;230;130;120;Horethorne;x
406;80;210;30;Houndsborough;x
407;160;60;130;Huntspill;x
408;240;140;40;Keynsham;x
409;10;220;140;Kilmersdon;x
410;90;70;50;KingsburyWest;x
411;170;150;150;KingsburyEast;x
412;20;230;60;KingsburyEpiscopi;x
413;100;80;160;Martock;x
414;180;160;70;Andersfield;x
415;30;10;170;Wrington;x
416;110;90;80;Bedminster;x
417;190;170;180;Milverton;x
418;40;20;90;NorthCurry;x
419;120;100;0;NorthPetherton;x
420;200;180;100;WestMonkton;x
421;50;30;10;Wincanton;x
422;130;110;110;Portbury;x
423;210;190;20;Somerton;x
424;60;40;120;SouthPetherton;x
425;140;120;30;Stone;x
426;220;200;130;TauntonDeane;x
427;70;50;40;Wiveliscombe;x
428;150;130;140;Tintinhull;x
429;230;210;50;Wellow;x
430;80;60;150;Wells;x
431;160;140;60;Loxley;x
432;240;220;160;Ringoldsway;x
433;10;70;70;Whitstone;x
434;90;150;170;Williton;x
435;170;230;80;Winsford;x
436;20;80;180;Dulverton;x
437;100;160;90;Winterstoke;x
438;180;10;0;Cheddar;x
439;30;90;100;Badbury;x
440;110;170;10;Beaminster;x
441;190;20;110;BereRegis;x
442;40;100;20;Brownshall;x
443;120;180;120;Chardstock;x
444;200;30;30;Thorncombe;x
445;50;110;130;BucklandNewton;x
446;130;190;40;Cerne;x
447;210;40;140;Cogdean;x
448;60;120;50;CoombsDitch;x
449;140;200;150;Cranborne;x
450;220;50;60;CullifordTree;x
451;70;130;160;Eggerton;x
452;150;210;70;Godderthorne;x
453;230;60;170;Hasilor;x
454;80;140;80;Barrow;x
455;160;220;180;Knowlton;x
456;240;70;90;Loosebarrow;x
457;10;150;0;Shaftsbury;x
458;90;230;100;Handley;x
459;170;80;10;UpWimborne;x
460;20;160;110;Pimperne;x
461;100;10;20;Puddleton;x
462;180;90;120;Redlane;x
463;30;170;30;Gillingham;x
464;110;20;130;Rushmore;x
465;190;100;40;StGeorge;x
466;40;180;140;Sherborne;x
467;120;30;50;SturminsterNewton;x
468;200;110;150;Tollerford;x
469;50;190;60;Uggscombe;x
470;130;40;160;Whitchurch;x
471;210;120;70;Whiteway;x
472;60;200;170;Studland;x
473;140;50;80;WimborneStGiles;x
474;220;130;180;Winfrith;x
475;70;210;90;Yetminster;x	
476;150;60;0;Tidenham;x
477;230;140;100;StBriavels;x
478;80;220;10;Bledisloe;x
479;160;70;110;Westbury;x
480;240;150;20;Botloe;x
481;10;230;120;LowerDudstone;x
482;90;80;30;MiddleDudstone;x
483;170;160;130;UpperDudstone;x
484;20;10;40;Deerhurst;x
485;100;90;140;Cheltenham;x
486;180;170;50;Cleeve;x
487;30;20;150;LowerTewkesbury;x
488;110;100;60;UpperTewkesbury;x
489;190;180;160;LowerKiftsgate;x
490;40;30;70;UpperKiftsgate;x
491;120;110;170;UpperSlaughter;x
492;200;190;80;LowerSlaughter;x
493;50;40;180;BradleyGloucestershire;x
494;130;120;90;BrightwellsBarrow;x
495;210;200;0;Crowthorne;x
496;60;50;100;Rapsgate;x
497;140;130;10;Bisley;x
498;220;210;110;Longtree;x
499;70;60;20;UpperWhitstone;x
500;150;140;120;LowerWhitstone;x
501;230;220;30;UpperBerkeley;x
502;80;70;130;LowerThornbury;x
503;160;150;40;UpperGrumbaldsAsh;x
504;240;230;140;LowerGrumbaldsAsh;x
505;10;80;50;Langley;x
506;90;160;150;Henbury;x
507;170;10;60;LowerBerkeley;x
508;20;90;160;Bristol;x
509;100;170;70;Swinehead;x
510;180;20;170;Pucklechurch;x
511;30;100;80;UpperThornbury;x
512;110;180;180;Tibblestone;x
513;190;30;90;BartonRegis;x
514;40;110;0;Edmonton;x
515;120;190;100;Elthorne;x
516;200;40;10;Gore;x
517;50;120;110;Isleworth;x
518;130;200;20;Spelthorne;x
519;210;50;120;Kensington;x
520;60;130;30;Holborn;x
521;140;210;130;Finsbury;x
522;220;60;40;TowerHamlets;x
523;70;140;140;Westminster;x
524;150;220;50;London;x
525;230;70;150;Blackheath;x
526;80;150;60;Litlelee;x
527;160;230;160;Dartford;x
528;240;80;70;Axtane;x
529;10;160;170;Bromley;x
530;90;10;80;Rudsey;x
531;170;90;180;Codsheath;x
532;20;170;90;Westerham;x
533;100;20;0;SomertonKent;x
534;180;100;100;Wachlingstone;x
535;30;180;10;Brenchley;x
536;110;30;110;Tonbridge;x
537;190;110;20;Twyford;x
538;40;190;120;Littlefield;x
539;120;40;30;Wrotham;x
540;200;120;130;Maidstone;x
541;50;200;40;Eyhorne;x
542;130;50;140;Larkfield;x
543;210;130;50;Rochester;x
544;60;210;150;Toltingtrough;x
545;140;60;60;Shamwell;x
546;220;140;160;Hoo;x
547;70;220;70;Sheppey;x
548;150;70;170;Milton;x
549;230;150;80;Tenham;x
550;80;230;180;Faversham;x
551;160;80;90;Ospringe;x
552;240;160;0;Broughton;x
553;10;10;100;Fellborough;x
554;90;90;10;Wye;x
555;170;170;110;Bircholt;x
556;20;20;20;Longbridge;x
557;100;100;120;Calehill;x
558;180;180;30;Blackborne;x
559;30;30;130;Tenterden;x
560;110;110;40;Barkley;x
561;190;190;140;Cranbrook;x
562;40;40;50;Marden;x
563;120;120;150;LittleBarnfield;x
564;200;200;60;GreatBarnfield;x
565;50;50;160;Selbrittenden;x
566;130;130;70;Oxney;x
567;210;210;170;Aloesbridge;x
568;60;60;80;Longport;x
569;140;140;180;Hythe;x
570;220;220;90;Ham;x
571;70;70;0;Newchurch;x
572;150;150;100;Street;x
573;230;230;10;Heane;x
574;80;80;110;Stowting;x
575;160;160;20;Loningborough;x
576;240;10;120;Folkestone;x
577;10;90;30;Bewsborough;x
578;90;170;130;Carnilo;x
579;170;20;40;Eastry;x
580;20;100;140;Sandwich;x
581;100;180;50;Ringslow;x
582;180;30;150;Preston;x
583;30;110;60;Wingham;x
584;110;190;160;Downhamford;x
585;190;40;70;Kinghamford;x
586;40;120;170;BridgeAndPetham;x
587;120;200;80;Canterbury;x
588;200;50;180;Westgate;x
589;50;130;90;Dunkirk;x
590;130;210;0;Whitstable;x
591;210;60;100;Seasalter;x
592;60;140;10;Blengate;x
593;140;220;110;Rolvenden;x
594;220;70;20;Dumpford;x
595;70;150;120;Eastbourne;x
596;150;230;30;Westbourne;x
597;230;80;130;Bosham;x
598;80;160;40;Manhood;x
599;160;10;140;Stockbridge;x
600;240;90;50;Aldwick;x
601;10;170;150;Rotherbridge;x
602;90;20;60;Bury;x
603;170;100;160;Avisford;x
604;20;180;70;Poling;x
605;100;30;170;Easwrith;x
606;180;110;80;Singlecross;x
607;30;190;180;Horsham;x
608;110;40;90;Burbeach;x
609;190;120;0;Wyndham;x
610;40;200;100;Tipnoak;x
611;120;50;10;Steyning;x
612;200;130;110;Brightford;x
613;50;210;20;Fishersgate;x
614;130;60;120;Buttinghill;x
615;210;140;30;StreetSussex;x
616;60;220;130;Barcombe;x
617;140;70;40;Swanborough;x
618;220;150;140;Holmstrow;x
619;70;230;50;Younsmere;x
620;150;80;150;Paynings;x
621;230;160;60;Dean;x
622;80;10;160;PrestonSussex;x
623;160;90;70;Whalebone;x
624;240;170;170;DanehillHorsted;x
625;10;20;80;WestGrinstead;x
626;90;100;180;EastGrinstead;x
627;170;180;90;Hartfield;x
628;20;30;0;Rushmonden;x
629;100;110;100;LoxfieldDorset;x
630;180;190;10;Rotherfield;x
631;30;40;110;LoxfieldCamden;x
632;110;120;20;Dill;x
633;190;200;120;Shiplake;x
634;40;50;30;Ringmer;x
635;120;130;130;Totnore;x
636;200;210;40;Bishopstone;x
637;50;60;140;Flexborough;x
638;130;140;50;Alciston;x
639;210;220;150;LongbridgeSussex;x
640;60;70;60;Willingdon;x
641;140;150;160;Eastbourne;x
642;220;230;70;Pevensey;x
643;70;80;170;Foxearle;x
644;150;160;80;Hawkesborough;x
645;230;10;180;Shoyswell;x
646;80;90;90;Henhurst;x
647;160;170;0;Netherfield;x
648;240;20;100;Ninfield;x
649;10;100;10;Bexhill;x
650;90;180;110;Baldslow;x
651;170;30;20;Battle;x
652;20;110;120;Staple;x
653;100;190;30;Guestling;x
654;180;40;130;Gostrow;x
655;30;120;40;Goldspur;x
656;110;200;140;Farnham;x
657;190;50;50;Godalming;x
658;40;130;150;BlackheathSurrey;x
659;120;210;60;Wotton;x
660;200;60;160;Reigate;x
661;50;140;70;Tandridge;x
662;130;220;170;Wallington;x
663;210;70;80;Brixton;x
664;60;150;180;Kingston;x
665;140;230;90;Copthorpe;x
666;220;80;0;Effingham;x
667;70;160;100;Elmbridge;x
668;150;10;10;Godley;x
669;230;90;110;Woking;x	
670;80;170;20;Fordingbridge;x
671;160;20;120;Ringwood;x
672;240;100;30;Christchurch;x
673;10;180;130;NewForest;x
674;90;30;40;Hythe;x
675;170;110;140;Redbridge;x
676;20;190;50;WestMedina;x
677;100;40;150;EastMedina;x
678;180;120;60;Southampton;x
679;30;200;160;KingsSombourne;x
680;110;50;70;Thorngate;x
681;190;130;170;Andover;x
682;40;210;80;Pastrow;x
683;120;60;180;Evingar;x
684;200;140;90;Wherwell;x
685;50;220;0;Buddlesgate;x
686;130;70;100;Mainsbridge;x
687;210;150;10;Titchfield;x
688;60;230;110;Fareham;x
689;140;80;20;Portsdown;x
690;220;160;120;Bosmere;x
691;70;10;30;Finchdene;x
692;150;90;130;Hambledon;x
693;230;170;40;BishopWaltham;x
694;80;20;140;Fawley;x
695;160;100;50;EastMeon;x
696;240;180;150;Selborne;x
697;10;30;60;BishopsSutton;x
698;90;110;160;Bountisborough;x
699;170;190;70;Micheldever;x
700;20;40;170;Mainsborough;x
701;100;120;80;Overton;x
702;180;200;180;Kingsclere;x
703;30;50;90;Chuteley;x
704;110;130;0;Holdshot;x
705;190;210;100;Clondall;x
706;40;60;10;Odiham;x
707;120;140;110;Bermondspit;x
708;200;220;20;Alton;x
709;50;70;120;Basingstoke;x
710;130;150;30;Highworth;x
711;210;230;130;Malmesbury;x
712;60;80;40;NorthDamerham;x
713;140;160;140;Kingsbridge;x
714;220;10;50;Chippenham;x
715;70;90;150;Calne;x
716;150;170;60;Selkley;x
717;230;20;160;Ramsbury;x
718;80;100;70;Kinwardstone;x
719;160;180;170;Everleigh;x
720;240;30;80;Swanborough;x
721;10;110;180;Potterne;x
722;90;190;90;Melksham;x
723;170;40;0;Bradford;x
724;20;120;100;Whorewelsdown;x
725;100;200;10;Westbury;x
726;180;50;110;Warminster;x
727;30;130;20;Mere;x
728;110;210;120;Dunworth;x
729;190;60;30;Chalk;x
730;40;140;130;SouthDamerham;x
731;120;220;40;Heytesbury;x
732;200;70;140;BranchAndDolex
733;50;150;50;Amesbury;x
734;130;230;150;Alderbury;x
735;210;80;60;Cawden;x
736;60;160;160;Downton;x
737;140;10;70;Frustfield;x
738;220;90;170;Underditch;x
739;70;170;80;Ripplesmere;x
740;150;20;180;Bray;x
741;230;100;90;Beynhurst;x
742;80;180;0;Charlton;x
743;160;30;100;Reading;x
744;240;110;10;Slotisford;x
745;10;190;110;Bucklebury;x
746;90;40;20;Thatcham;x
747;170;120;120;Kintbury;x
748;20;200;30;Rowbury;x
749;100;50;130;Compton;x
750;180;130;40;Blewbury;x
751;30;210;140;Sutton;x
752;110;60;50;Hormer;x
753;190;140;150;Matcham;x
754;40;220;60;Wantage;x
755;120;70;160;Ganfield;x
756;200;150;70;Wyfold;x
757;50;230;170;Shrivenham;x
758;130;80;80;Hillslow;x
759;210;160;180;Eagle;x
760;60;10;90;Lambourn;x
761;140;90;0;Bampton;x
762;220;170;100;Banbury;x
763;70;20;10;Binfield;x
764;150;100;110;Bloxham;x
765;230;180;20;Bullingdon;x
766;80;30;120;Chadlington;x
767;160;110;30;Langtree;x
768;240;190;130;Lewknor;x
769;10;40;40;Ploughley;x
770;90;120;140;Pyrton;x
771;170;200;50;Thame;x
772;20;50;150;Dorchester;x
773;100;130;60;Wootton;x
774;180;210;160;Ewleme;x
775;30;60;70;Oxford;x
776;110;140;170;Newport;x
777;190;220;80;Buckingham;x
778;40;70;180;Cottesloe;x
779;120;150;90;Ashendon;x
780;200;230;0;Aylesbury;x
781;50;80;100;Desborough;x
782;130;160;10;Burnham;x
783;210;10;110;Stoke;x
784;60;90;20;Dacorum;x
785;140;170;120;StAlbansx
786;220;20;30;Hitchin;x
787;70;100;130;Broadwater;x
788;150;180;40;Hertford;x
789;230;30;140;Braughin;x
790;80;110;50;Edwinstree;x
791;160;190;150;Odsey;x
792;240;40;60;Stodden;x
793;10;120;160;Willey;x
794;90;200;70;Barford;x
795;170;50;170;Biggleswade;x
796;20;130;80;Wixamtree;x
797;100;210;180;Clifton;x
798;180;60;90;Flitt;x
799;30;140;0;Redbornestoke;x
800;110;220;100;Manshead;x
801;190;70;10;Waltham;x
802;40;150;110;Becontree;x
803;120;230;20;Chafford;x
804;200;80;120;Ongar;x
805;50;160;30;Harlow;x
806;130;10;130;Clavering;x
807;210;90;40;Uttlesford;x
808;60;170;140;Freshwell;x
809;140;20;50;Dunmow;x
810;220;100;150;Hinckford;x
811;70;180;60;Barstable;x
812;150;30;160;Chelmsford;x
813;230;110;70;Witham;x
814;80;190;170;Lexden;x
815;160;40;80;Tendring;x
816;240;120;180;Winstree;x
817;10;200;90;Thurstable;x
818;90;50;0;Dengie;x
819;170;130;100;Rochford;x
820;20;210;10;Risbridge;x
821;100;60;110;Thingoe;x
822;180;140;20;Babergh;x
823;30;220;120;Cosford;x
824;110;70;30;Samford;x
825;190;150;130;Bosmere;x
826;40;230;40;Claydon;x
827;120;80;140;Thredling;x
828;200;160;50;Ipswich;x
829;50;10;150;Colneis;x
830;130;90;60;Carlford;x
831;210;170;160;Loes;x
832;60;20;70;Wilford;x
833;140;100;170;Barham;x
834;220;180;80;Plomesgate;x
835;70;30;180;Lackford;x
836;150;110;90;Blackbourne;x
837;230;190;0;Thedwestry;x
838;80;40;100;Stow;x
839;160;120;10;Hartismere;x
840;240;200;110;Bishops;x
841;10;50;20;Blything;x
842;90;130;120;Wangford;x
843;170;210;30;Mutford;x
844;20;60;130;Lothingland;x
845;100;140;40;WestFreebridge;x
846;180;220;140;EastFreebridge;x
847;30;70;50;Clackclose;x
848;110;150;150;Grimshoe;x
849;190;230;60;SouthGreenhoe;x
850;40;80;160;Launditch;x
851;120;160;70;Smithdon;x
852;200;10;170;Brothercross;x
853;50;90;80;Gallow;x
854;130;170;180;NorthGreenhoe;x
855;210;20;90;Holt;x
856;60;100;0;NorthErpingham;x
857;140;180;100;SouthErpingham;x
858;220;30;10;Eynesford;x
859;70;110;110;Mitford;x
860;150;190;20;Wayland;x
861;230;40;120;Shropham;x
862;80;120;30;Guiltcross;x
863;160;200;130;Diss;x
864;240;50;40;Earsham;x
865;10;130;140;Depwade;x
866;90;210;50;Forehoe;x
867;170;60;150;Humbleyard;x
868;20;140;60;Norwich;x
869;100;220;160;Taverham;x
870;180;70;70;Tunstead;x
871;30;150;170;Happing;x
872;110;230;80;WestFlegg;x
873;190;80;180;EastFlegg;x
874;40;160;90;Walsham;x
875;120;10;0;Blofield;x
876;200;90;100;Henstead;x
877;50;170;10;Loddon;x
878;130;20;110;Clavering;x
879;210;100;20;Wisbech;x
880;60;180;120;NorthWitchford;x
881;140;30;30;SouthWitchford;x
882;220;110;130;Ely;x
883;70;190;40;Staploe;x
884;150;40;140;Cheveley;x
885;230;120;50;Staine;x
886;80;200;150;Radfield;x
887;160;50;60;Chilford;x
888;240;130;160;Whittlesford;x
889;10;210;70;Thriplow;x
890;90;60;170;Flendish;x
891;170;140;80;Wetherley;x
892;20;220;180;Armingford;x
893;100;70;90;Longstowe;x
894;180;150;0;Papworth;x
895;30;230;100;Chesterton;x
896;110;80;10;Northstowe;x
897;190;160;110;Cambridge;x
898;40;10;20;Hemlingford;x
899;120;90;120;Barlichway;x
900;200;170;30;Kington;x
901;50;20;130;Knightlow;x
902;130;100;40;Warwick;x
903;210;180;140;NormanCross;x
904;60;30;50;Hurstingstone;x
905;140;110;150;Leightonstone;x
906;220;190;60;Toseland;x
907;70;40;160;Huntingdon;x
908;150;120;70;Framland;x
909;230;200;170;GartreeLeicestershire;x
910;80;50;80;EastGoscote;x
911;160;130;180;WestGoscote;x
912;240;210;90;Guthlaxton;x
913;10;60;0;Sparkenhoe;x
914;90;140;100;Blakenhurst;x
915;170;220;10;Halfshire;x
916;20;70;110;Doddingtree;x
917;100;150;20;Oswaldslow;x
918;180;230;120;Pershore;x
919;30;80;30;Shipston;x
920;110;160;130;Nassaburgh;x
921;190;10;40;Willybrook;x
922;40;90;140;Polebrook;x
923;120;170;50;Navisford;x
924;200;20;150;Corby;x
925;50;100;60;Huxloe;x
926;130;180;160;HighamFerrers;x
927;210;30;70;Rothwell;x
928;60;110;170;Orlingbury;x
929;140;190;80;Hamfordshoe;x
930;220;40;180;Wymersley;x
931;70;120;90;Cleley;x
932;150;200;0;KingsSutton;x
933;230;50;100;ChippingWarden;x
934;80;130;10;GreensNorton;x
935;160;210;110;Towcester;x
936;240;60;20;Fawsley;x
937;10;140;120;NobottleGrove;x
938;90;220;30;Guilsborough;x
939;170;70;130;Spelhoe;x
940;20;150;40;Glenfaba;x
941;100;230;140;Michael;x
942;180;80;50;Ayre;x
943;30;160;150;Garff;x
944;110;10;60;Douglas;x
945;190;90;160;Rushen;x
946;40;170;70;Borrowstounness;x
947;120;20;170;SouthQueensferry;x
948;200;100;80;Linlithgow;x
949;50;180;180;Livingstone;x
950;130;30;90;Bathgate;x
951;210;110;0;Leith;x
952;60;190;100;Musselburgh;x
953;140;40;10;Dalkeith;x
954;220;120;110;Heriot;x
955;70;200;20;Roslin;x
956;150;50;120;Penicuik;x
957;230;130;30;Edinburgh;x
958;80;210;130;Ratho;x
959;160;60;40;Calder;x
960;240;140;140;Prestonpans;x
961;10;220;50;NorthBerwick;x
962;90;70;150;Haddington;x
963;170;150;60;Dunbar;x
964;20;230;160;Innerwick;x
965;100;80;70;Cockburnspath;x
966;180;160;170;Eyemouth;x
967;30;10;80;Coldstream;x
968;110;90;180;Duns;x
969;190;170;90;Upsettlington;x
970;40;20;0;Greenlaw;x
971;120;100;100;Lauderdale;x
972;200;180;10;Sprouston;x
973;50;30;110;Roxburgh;x
974;130;110;20;Kelso;x
975;210;190;120;Melrose;x
976;60;40;30;Hawick;x
977;140;120;130;Jedburgh;x
978;220;200;40;Liddesdale;x
979;70;50;140;Galashiels;x
980;150;130;50;Selkirk;x
981;230;210;150;Yarrow;x
982;80;60;60;Ettrick;x
983;160;140;160;Traquair;x
984;240;220;70;Peebles;x
985;10;70;170;Eddleston;x
986;90;150;80;Romanno;x
987;170;230;180;Tweedsmuir;x
988;20;80;90;Eskdale;x
989;100;160;0;Wauchopedale;x
990;180;10;100;Annan;x
991;30;90;10;Annandale;x
992;110;170;110;Sanquhar;x
993;190;20;20;Monaive;x
994;40;100;120;Closeburn;x
995;120;180;30;Dumfries;x
996;200;30;130;NewAbbey;x
997;50;110;40;Threave;x
998;130;190;140;Dalry;x
999;210;40;50;Kirkudbright;x
1000;60;120;150;Wigtown;x
1001;140;200;60;Whithorn;x
1002;220;50;160;TheRhinns;x
1003;70;130;70;Girvan;x
1004;150;210;170;Maybole;x
1005;230;60;80;Damellington;x
1006;80;140;180;Ayr;x
1007;160;220;90;Prestwick;x
1008;240;70;0;Cumnock;x
1009;10;150;100;Kilmarnock;x
1010;90;230;10;Troon;x
1011;170;80;110;Irvine;x
1012;20;160;20;Stewarton;x
1013;100;10;120;Beith;x
1014;180;90;30;Ardrossan;x
1015;30;170;130;WestKilbride;x
1016;110;20;40;Largs;x
1017;190;100;140;Ardgowan;x
1018;40;180;50;Finlaystone;x
1019;120;30;150;Barr;x
1020;200;110;60;NewtonMearns;x
1021;50;190;160;Paisley;x
1022;130;40;70;Renfrew;x
1023;210;120;170;Glasgow;x
1024;60;200;80;Cadder;x
1025;140;50;180;Monklands;x
1026;220;130;90;Bothwell;x
1027;70;210;0;Rutherglen;x
1028;150;60;100;Hamilton;x
1029;230;140;10;Auchengen;x
1030;80;220;110;Biggar;x
1031;160;70;20;Stonehouse;x
1032;240;150;120;FlannanIsles;x
1033;10;230;30;Strathaver;x
1034;90;80;130;Douglas;x
1035;170;160;40;Coulter;x
1036;20;10;140;Crawford;x
1037;100;90;50;Lanark;x
1038;180;170;150;Cumbernauld;x
1039;30;20;60;Kirktilloon;x
1040;110;100;160;Dunbarton;x
1041;190;180;70;Balloch;x
1042;40;30;170;Ardencaple;x
1043;120;110;80;Arrochar;x
1044;200;190;180;Arran;x
1045;50;40;90;Bute;x
1046;130;120;0;Cowan;x
1047;210;200;100;Ardkinglas;x
1048;60;50;10;Inveraray;x
1049;140;130;110;InnisChonnel;x
1050;220;210;20;Lorn;x
1051;70;60;120;Kismore;x
1052;150;140;30;Duntrune;x
1053;230;220;130;Knapdale;x
1054;80;70;40;Kintyre;x
1055;160;150;140;Morvern;x
1056;240;230;50;Dunyvaig;x
1057;10;80;150;Kilarrow;x
1058;90;160;60;Finlaggan;x
1059;170;10;160;Claig;x
1060;20;90;70;Jura;x
1061;100;170;170;Colonsay;x
1062;180;20;80;Iona;x
1063;30;100;180;RossofMull;x
1064;110;180;90;Salen;x
1065;190;30;0;Tobermory;x
1066;40;110;100;Tiree;x
1067;120;190;10;Coll;x
1068;200;40;110;Rum;x
1069;50;120;20;Killin;x
1070;130;200;120;Pitlochry;x
1071;210;50;30;Aberfeldy;x
1072;60;130;130;CouparAngus;x
1073;140;210;40;Kinclaven;x
1074;220;60;140;Dunkeld;x
1075;70;140;50;Methven;x
1076;150;220;150;Crieff;x
1077;230;70;60;Inchaffray;x
1078;80;150;160;Crainlarich;x
1079;160;230;70;Balquhidder;x
1080;240;80;170;Aberfoyle;x
1081;10;160;80;Callander;x
1082;90;10;180;Doune;x
1083;170;90;90;Dunblane;x
1084;20;170;0;Tullibardine;x
1085;100;20;100;Auchterarder;x
1086;180;100;10;Abernethy;x
1087;30;180;110;Perth;x
1088;110;30;20;Scone;x
1089;190;110;120;Kilearn;x
1090;40;190;30;Fintry;x
1091;120;40;130;Strathblane;x
1092;200;120;40;Kilsyth;x
1093;50;200;140;Bannockburn;x
1094;130;50;50;Dunipace;x
1095;210;130;150;Falkirk;x
1096;60;210;60;Stirling;x
1097;140;60;160;Alloa;x
1098;220;140;70;Tullibody;x
1099;70;220;170;Campbell;x
1100;150;70;80;Clackmannan;x
1101;230;150;180;Dunfemline;x
1102;80;230;90;NorthQueensferry;x
1103;160;80;0;Lochore;x
1104;240;160;100;Kirkcaldy;x
1105;10;10;10;Buckhaven;x
1106;90;90;110;Falkland;x
1107;170;170;20;Cupar;x
1108;20;20;120;Anstruther;x
1109;100;100;30;StAndrews;x
1110;180;180;130;Balmerino;x
1111;30;30;40;Cleish;x
1112;110;110;140;Kinross;x
1113;190;190;50;Fossoway;x
1114;40;40;150;Dundee;x
1115;120;120;60;Kirriemuir;x
1116;200;200;160;Monifieth;x
1117;50;50;70;Forfar;x
1118;130;130;170;Arbroath;x
1119;210;210;80;Montrose;x
1120;60;60;180;Brechin;x
1121;140;140;90;Inverbervie;x
1122;220;220;0;Kincardine;x
1123;70;70;100;Stonehaven;x
1124;150;150;10;Banchory;x
1125;230;230;110;Portlethen;x
1126;80;80;20;Torry;x
1127;160;160;120;Aberdeen;x
1128;240;10;30;Drumoak;x
1129;10;90;130;Westhill;x
1130;90;170;40;Kintore;x
1131;170;20;140;Kemnay;x
1132;20;100;50;Inverune;x
1133;100;180;150;Ellon;x
1134;180;30;60;Newburgh;x
1135;30;110;160;Inverugie;x
1136;110;190;70;Faithlie;x
1137;190;40;170;Deer;x
1138;40;120;80;Turriff;x
1139;120;200;180;Fyvie;x
1140;200;50;90;Strathbogie;x
1141;50;130;0;Insch;x
1142;130;210;100;Kildrummy;x
1143;210;60;10;Lumphanan;x
1144;60;140;110;Aboyne;x
1145;140;220;20;Ballater;x
1146;220;70;120;Balmoral;x
1147;70;150;30;Strathavon;x
1148;150;230;130;Balvenie;x
1149;230;80;40;Keith;x
1150;80;160;140;Banff;x
1151;160;10;50;Culen;x
1152;240;90;150;Lossiemouth;x
1153;10;170;60;Kinloss;x
1154;90;20;160;Forres;x
1155;170;100;70;Elgin;x
1156;20;180;170;Rothes;x
1157;100;30;80;Cromsdale;x
1158;180;110;180;Dava;x
1159;30;190;90;Ferness;x
1160;110;40;0;Cawdor;x
1161;190;120;100;Auldearn;x
1162;40;200;10;Nairn;x
1163;120;50;110;Ardersier;x
1164;200;130;20;Inverness;x
1165;50;210;120;Beauly;x
1166;130;60;30;Strathfarrar;x
1167;210;140;130;Urquhart;x
1168;60;220;40;Tomatin;x
1169;140;70;140;Garten;x
1170;220;150;50;Badenoch;x
1171;70;230;150;Lochaber;x
1172;150;80;60;Morar;x
1173;230;160;160;Knoydart;x
1174;80;10;70;Camus;x
1175;160;90;170;Dunakin;x
1176;240;170;80;Portree;x
1177;10;20;180;Brochel;x
1178;90;100;90;Dunscaith;x
1179;170;180;0;Dunvegan;x
1180;20;30;100;Barra;x
1181;100;110;10;SouthUist;x
1182;180;190;110;Benbecula;x
1183;30;40;20;NorthUist;x
1184;110;120;120;StKilda;x
1185;190;200;30;Harris;x
1186;40;50;130;Uig;x
1187;120;130;40;Bernera;x
1188;200;210;140;Carloway;x
1189;50;60;50;Aignish;x
1190;130;140;150;Stornoway;x
1191;210;220;60;Cogaich;x
1192;60;70;160;Gairloch;x
1193;140;150;70;Applecross;x
1194;220;230;170;EileanDonan;x
1195;70;80;80;Strome;x
1196;150;160;180;Dingwall;x
1197;230;10;90;Edirdovar;x
1198;80;90;0;Fortrose;x
1199;160;170;100;Cromarty;x
1200;240;20;10;Castlecraig;x
1201;10;100;110;Invergordon;x
1202;90;180;20;Kildary;x
1203;170;30;120;Portmahomack;x
1204;20;110;30;Tain;x
1205;100;190;130;Dornoch;x
1206;180;40;40;Dunrobin;x
1207;30;120;140;Helmsdale;x
1208;110;200;50;Lairg;x
1209;190;50;150;Strathoykel;x
1210;40;130;60;Assynt;x
1211;120;210;160;Scoury;x
1212;200;60;70;Balnakeil;x
1213;50;140;170;Tounge;x
1214;130;220;80;Bettyhill;x
1215;210;70;180;Thurso;x
1216;60;150;90;Berriedale;x
1217;140;230;0;Wick;x
1218;220;80;100;Halkirk;x
1219;70;160;10;SouthernOrkneys;x
1220;150;10;110;Stromness;x
1221;230;90;20;Brough;x
1222;80;170;120;Kirkwall;x
1223;160;20;30;Shapinsay;x
1224;240;100;130;Rousay;x
1225;10;180;40;NorthernOrkneys;x
1226;90;30;140;FairIsle;x
1227;170;110;50;Shetland;x
1228;20;190;150;Inshowen;x
1229;100;40;60;Buncrane;x
1230;180;120;160;Raphoe;x
1231;30;200;70;Lifford;x
1232;110;50;170;Fanad;x
1233;190;130;80;Kilmacrennan;x
1234;40;210;180;Straorlar;x
1235;120;60;90;Creeslough;x
1236;200;140;0;Gweedore;x
1237;50;220;100;Bolyagh;x
1238;130;70;10;Glenties;x
1239;210;150;110;Banagh;x
1240;60;230;20;Donegal;x
1241;140;80;120;Drumhole;x
1242;220;160;30;Termon;x
1243;70;10;130;Ballyshannon;x
1244;150;90;40;Lurg;x
1245;230;170;140;Magheraboy;x
1246;80;20;50;Tirkennedy;x
1247;160;100;150;Magherastephana;x
1248;240;180;60;Clanawley;x
1249;10;30;160;Knockninny;x
1250;90;110;70;Coole;x
1251;170;190;170;Clankelly;x
1252;20;40;80;Tullyhaw;x
1253;100;120;180;Tullyhunco;x
1254;180;200;90;Kilcogy;x
1255;30;50;0;Aghaler;x
1256;110;130;100;Dunaree;x
1257;190;210;10;Cavan;x
1258;40;60;110;Turbet;x
1259;120;140;20;Tullygarvey;x
1260;200;220;120;Truagh;x
1261;50;70;30;Monaghan;x
1262;130;150;130;Dartree;x
1263;210;230;40;Cremorne;x
1264;60;80;140;Farney;x
1265;140;160;50;Fews;x
1266;220;10;150;Orior;x
1267;70;90;60;Clanbrassil;x
1268;150;170;160;Oneilland;x
1269;230;20;70;Armagh;x
1270;80;100;170;Tiranny;x
1271;160;180;80;Dungannon;x
1272;240;30;180;Tullyhogue;x
1273;10;110;90;Mountjoy;x
1274;90;190;0;Clogher;x
1275;170;40;100;Omagh;x
1276;20;120;10;Castlederg;x
1277;100;200;110;Strabane;x
1278;180;50;20;Londonderry;x
1279;30;130;120;Tirkeeran;x
1280;110;210;30;Keenaght;x
1281;190;60;130;Loughinsholin;x
1282;40;140;40;Coleraine;x
1283;120;220;140;Behoney;x
1284;200;70;50;Dunluce;x
1285;50;150;150;Cary;x
1286;130;230;60;Rathlin;x
1287;210;80;160;Cushendall;x
1288;60;160;70;Armoy;x
1289;140;10;170;Kilconway;x
1290;220;90;80;Dunmore;x
1291;70;170;180;Connor;x
1292;150;20;90;Antrim;x
1293;230;100;0;Larne;x
1294;80;180;100;Semne;x
1295;160;30;10;Carrickfergus;x
1296;240;110;110;Whiteabbey;x
1297;10;190;20;Belfast;x
1298;90;40;120;Lisburn;x
1299;170;120;30;Ards;x
1300;20;200;130;Bangor;x
1301;100;50;40;Comber;x
1302;180;130;140;Saintfield;x
1303;30;210;50;Dufferin;x
1304;110;60;150;Lecale;x
1305;190;140;60;Kinelarty;x
1306;40;220;160;NewcastleDown;x
1307;120;70;70;Moira;x
1308;200;150;170;Loughbrickland;x
1309;50;230;80;Newry;x
1310;130;80;180;Rathfriland;x
1311;210;160;90;Mourne;x
1312;60;10;0;Dartry;x
1313;140;90;100;Rosclogher;x
1314;220;170;10;Drumahaire;x
1315;70;20;110;Carrigallen;x
1316;150;100;20;Mohill;x
1317;230;180;120;Leitrim;x
1318;80;30;30;Boyle;x
1319;160;110;130;Baghna;x
1320;240;190;40;Tulsk;x
1321;10;40;140;Roscommon;x
1322;90;120;50;Athleague;x
1323;170;200;150;Kiltoom;x
1324;20;50;60;Moycarn;x
1325;100;130;160;Donamon;x
1326;180;210;70;Castlerea;x
1327;30;60;170;Airteach;x
1328;110;140;80;Coolavin;x
1329;190;220;180;Corran;x
1330;40;70;90;Tirerril;x
1331;120;150;0;Carbury;x
1332;200;230;100;Leyny;x
1333;50;80;10;Tireagh;x
1334;130;160;110;Tirawley;x
1335;210;10;20;Erris;x
1336;60;90;120;Burrishoole;x
1337;140;170;30;Murrisk;x
1338;220;20;130;Carra;x
1339;70;100;40;Gallen;x
1340;150;180;140;Costello;x
1341;230;30;50;Clanmorris;x
1342;80;110;150;Kilmaine;x
1343;160;190;60;Ballynahinch;x
1344;240;40;160;Ross;x
1345;10;120;70;Moycullen;x
1346;90;200;170;Aran;x
1347;170;50;80;Galway;x
1348;20;130;180;Clare;x
1349;100;210;90;Dunmore;x
1350;180;60;0;Balymoe;x
1351;30;140;100;Killian;x
1352;110;220;10;Tiaquin;x
1353;190;70;110;Athenry;x
1354;40;150;20;Kilconnell;x
1355;120;230;120;Clonmacnowen;x
1356;200;80;30;Ballymore;x
1357;50;160;130;Tynagh;x
1358;130;10;40;Loughrea;x
1359;210;90;140;Dunkelin;x
1360;60;170;50;Kinvara;x
1361;140;20;150;Gort;x
1362;220;100;60;Youghal;x
1363;70;180;160;Cloyne;x
1364;150;30;70;Carrigtohill;x
1365;230;110;170;Barrymore;x
1366;80;190;80;Kinnataloon;x
1367;160;40;180;Condon;x
1368;240;120;90;Fermoy;x
1369;10;200;0;Dunhallow;x
1370;90;50;100;ClanawleyCork;x
1371;170;130;10;Dromagh;x
1372;20;210;110;Clonmeen;x
1373;100;60;20;Ballyvourney;x
1374;180;140;120;Carrignacurra;x
1375;30;220;30;Kilkrea;x
1376;110;70;130;Manshanaglass;x
1377;190;150;40;Canovee;x
1378;40;230;140;Donoughmore;x
1379;120;80;50;Barretts;x
1380;200;160;150;Cork;x
1381;50;10;60;Ballincollig;x
1382;130;90;160;Blarney;x
1383;210;170;70;Kerrycurrihy;x
1384;60;20;170;Kinalea;x
1385;140;100;80;Kinsale;x
1386;220;180;180;Courceys;x
1387;70;30;90;Barryroe;x
1388;150;110;0;Killbrittain;x
1389;230;190;100;Kinalmeaky;x
1390;80;40;10;Kilshallow;x
1391;160;120;110;Kilgarriffe;x
1392;240;200;20;Rathbarry;x
1393;10;50;120;RossCork;x
1394;90;130;30;Glandore;x
1395;170;210;130;Dunmanway;x
1396;20;60;40;Donovan;x
1397;100;140;140;Baltimore;x
1398;180;220;50;Dunlough;x
1399;30;70;150;Muntervary;x
1400;110;150;60;Kilcoe;x
1401;190;230;160;Bantry;x
1402;40;80;70;Beare;x
1403;120;160;170;Buttevant;x
1404;200;10;80;Glanarought;x
1405;50;90;180;Ardtully;x
1406;130;170;90;Killarney;x
1407;210;20;0;Dunkerron;x
1408;60;100;100;Iveragh;x
1409;140;180;10;Coshmaine;x
1410;220;30;110;Tralee;x
1411;70;110;20;Dingle;x
1412;150;190;120;Trughancmy;x
1413;230;40;30;Clanmaurice;x
1414;80;120;130;Iraghticonnor;x
1415;160;200;40;Shanid;x
1416;240;50;140;Glenquin;x
1417;10;130;50;Connello;x
1418;90;210;150;Askeaton;x
1419;170;60;60;Kenry;x
1420;20;140;160;Pubblebrien;x
1421;100;220;70;Coshma;x
1422;180;70;170;Kilmallock;x
1423;30;150;80;Coshlea;x
1424;110;230;180;Smallcounty;x
1425;190;80;90;Coonagh;x
1426;40;160;0;Owneybeg;x
1427;120;10;100;Clanwilliam;x
1428;200;90;10;Limerick;x
1429;50;170;110;Bunratty;x
1430;130;20;20;Clonderalaw;x
1431;210;100;120;Moyarta;x
1432;60;180;30;Ibrickan;x
1433;140;30;130;Corcomroe;x
1434;220;110;40;Burren;x
1435;70;190;140;Inchiquin;x
1436;150;40;50;Quin;x
1437;230;120;150;Tulla;x
1438;80;200;60;Killaloe;x
1439;160;50;160;Ennis;x
1440;240;130;70;Nenagh;x
1441;10;210;170;NewportTipperary;x
1442;90;60;80;Toomevara;x
1443;170;140;180;Ikerrin;x
1444;20;220;90;Eliogarty;x
1445;100;70;0;Kilnmanagh;x
1446;180;150;100;Tipperary;x
1447;30;230;10;Cashel;x
1448;110;80;110;Slievardagh;x
1449;190;160;20;Clonmel;x
1450;40;10;120;Cahir;x
1451;120;90;30;Lismore;x
1452;200;170;130;Ardmore;x
1453;50;20;40;Dungarvan;x
1454;130;100;140;Glenahiry;x
1455;210;180;50;Upperthird;x
1456;60;30;150;Middlethird;x
1457;140;110;60;Gaultiere;x
1458;220;190;160;Waterford;x
1459;70;40;70;Shelburne;x
1460;150;120;170;Bargy;x
1461;230;200;80;Forth;x
1462;80;50;180;WestShelmaliere;x
1463;160;130;90;EastShelmaliere;x
1464;240;210;0;Morriscastle;x
1465;10;60;100;Gorey;x
1466;90;140;10;Ferns;x
1467;170;220;110;Bantry;x
1468;20;70;20;Enniscorthy;x
1469;100;150;120;Wexford;x
1470;180;230;30;Ullard;x
1471;30;80;130;StMullins;x
1472;110;160;40;Rathvilly;x
1473;190;10;140;Carlow;x
1474;40;90;50;Idrone;x
1475;120;170;150;Odogh;x
1476;200;20;60;Kilkenny;x
1477;50;100;160;Shillelogher;x
1478;130;180;70;Gowran;x
1479;210;30;170;Knocktopher;x
1480;60;110;80;Iberchon;x
1481;140;190;180;Kilculliheen;x
1482;220;40;90;Odoth;x
1483;70;120;0;Kells;x
1484;150;200;100;Callan;x
1485;230;50;10;Crannagh;x
1486;80;130;110;Galmoy;x
1487;160;210;20;Clandonagh;x
1488;240;60;120;Clarmallagh;x
1489;10;140;30;Cullenagh;x
1490;90;220;130;Slievemargy;x
1491;170;70;40;Ballyadams;x
1492;20;150;140;Stradbally;x
1493;100;230;50;Portnahinch;x
1494;180;80;150;Mountrath;x
1495;30;160;60;Tinnahinch;x
1496;110;10;160;Upperwoods;x
1497;190;90;70;Clonlisk;x
1498;40;170;170;Ballybritt;x
1499;120;20;80;Eglish;x
1500;200;100;180;Garrycastle;x
1501;50;180;90;Kilcoursey;x
1502;130;30;0;Ballycowan;x
1503;210;110;100;Ballyboy;x
1504;60;190;10;Geashill;x
1505;140;40;110;Maoilughra;x
1506;220;120;20;Coolestown;x
1507;70;200;120;Warrenstown;x
1508;150;50;30;Daingean;x
1509;230;130;130;Moycashel;x
1510;80;210;40;Clonlonan;x
1511;160;60;140;Athlone;x
1512;240;140;50;Maherquirke;x
1513;10;220;150;Rathconrath;x
1514;90;70;60;Moygoish;x
1515;170;150;160;Corkaree;x
1516;20;230;70;Mullingar;x
1517;100;80;170;Fartullagh;x
1518;180;160;80;Farbill;x
1519;30;10;180;Delvin;x
1520;110;90;90;Fore;x
1521;190;170;0;Granard;x
1522;40;20;100;Ardagh;x
1523;120;100;10;Shrule;x
1524;200;180;110;Rathcline;x
1525;50;30;20;Moydow;x
1526;130;110;120;Longford;x
1527;210;190;30;Drogheda;x
1528;60;40;130;Clougher;x
1529;140;120;40;Ardee;x
1530;220;200;140;Louth;x
1531;70;50;50;Dundalk;x
1532;150;130;150;Carlingford;x
1533;230;210;60;Shillelagh;x
1534;80;60;160;Ballinacor;x
1535;160;140;70;Arklow;x
1536;240;220;170;Avoca;x
1537;10;70;80;Wicklow;x
1538;90;150;180;Mackynegan;x
1539;170;230;90;Bray;x
1540;20;80;0;Glendalough;x
1541;100;160;100;Baltinglass;x
1542;180;10;10;Blessington;x
1543;30;90;110;Carbury;x
1544;110;170;20;Clane;x
1545;190;20;120;Connell;x
1546;40;100;30;Cloncurry;x
1547;120;180;130;Kilcullen;x
1548;200;30;40;Kilkea;x
1549;50;110;140;Ballymoe;x
1550;130;190;50;Naas;x
1551;210;40;150;Narragh;x
1552;60;120;60;Reban;x
1553;140;200;160;Ardclough;x
1554;220;50;70;Leixlip;x
1555;70;130;170;Monasterevin;x
1556;150;210;80;Kildare;x
1557;230;60;180;Clonard;x
1558;80;140;90;Moyrath;x
1559;160;220;0;Kilskeer;x
1560;240;70;100;Moynalty;x
1561;10;150;10;Drumconrath;x
1562;90;230;110;Slane;x
1563;170;80;20;Navan;x
1564;20;160;120;KellsMeath;x
1565;100;10;30;Trim;x
1566;180;90;130;Dangan;x
1567;30;170;40;Dunboyne;x
1568;110;20;140;Ratoath;x
1569;190;100;50;Tara;x
1570;40;180;150;Duleek;x
1571;120;30;60;Ninch;x
1572;200;110;160;Clondalkin;x
1573;50;190;70;Tallaght;x
1574;130;40;170;Saggart;x
1575;210;120;80;Firhouse;x
1576;60;200;180;Carrickmines;x
1577;140;50;90;Shankill;x
1578;220;130;0;Dundrum;x
1579;70;210;100;Malahide;x
1580;150;60;10;Swords;x
1581;230;140;110;Lambay;x
1582;80;220;20;Dalkey;x
1583;160;70;120;Dublin;x
1584;240;150;30;Coolock;x
1585;10;230;130;Santry;x
1586;90;80;40;Clontarf;x
1587;170;160;140;Howth;x
1588;20;10;50;Castleknock;x
1589;100;90;150;Skerries;x
1590;180;170;60;Lusk;x
1591;30;20;160;Garristown;x
1592;1;200;201;LochAssynt;x
1593;9;210;209;LoughNeagh;x
1593;17;201;217;LoughDerg;x
1595;2;211;202;LoughErneLower;x
1596;10;202;210;LoughErneUpper;x
1597;18;212;218;LoughMelvin;x
1598;3;203;203;LoughMacneanUpper;x
1599;11;213;211;LoughMacneanLower;x
1600;19;204;219;LoughGill;x
1601;4;214;204;LoughAllen;x
1602;12;205;212;LoughArrow;x
1603;20;215;220;LoughKey;x
1604;5;106;205;LoughGara;x
1605;13;216;213;CarrowmoreLake;x
1606;21;207;221;LoughConn;x
1607;6;217;206;LoughBeltra;x
1608;14;208;214;LoughCarra;x
1609;22;218;222;LoughMask;x
1610;7;209;207;LoughCorrib;x
1611;15;200;215;LoughRee;x
1612;23;210;223;LoughDerg;x
1613;8;201;208;LoughCurrane;x
1614;16;211;216;LoughDerriana;x
1615;24;202;201;LoughCaragh;x
1616;1;212;209;LoughLeane;x
1617;9;203;217;LoughGuitane;x
1618;17;213;202;LoughEnnell;x
1619;2;204;210;LoughOwel;x
1620;10;214;218;LoughIron;x
1621;18;205;203;LoughDerravaragh;x
1622;3;215;211;LoughSheever;x
1623;11;106;219;LoughSheelin;x
1624;19;216;204;LlynTrawsfynydd;x
1625;4;207;212;ConistonWater;x
1626;12;217;220;LakeWindemere;x
1627;20;208;205;DerwentWater;x
1628;5;218;213;Thirlmere;x
1629;13;209;221;BassentthwaiteLake;x
1630;21;200;206;Ullswater;x
1631;6;210;214;WastWater;x
1632;14;201;222;LochLeven;x
1633;22;211;207;LochLomond;x
1634;7;202;215;LochAwe;x
1635;15;212;223;LochKatrine;x
1636;23;203;208;LochChon;x
1637;8;213;216;LochArd;x
1638;16;204;201;LochVenachar;x
1639;24;214;209;LochEarn;x
1640;1;205;217;LochTay;x
1641;9;215;202;LochRannoch;x
1642;17;106;210;LochEricht;x
1643;2;216;218;LochLochy;x
1644;10;207;203;LochArkaig;x
1645;18;217;211;LochShiel;x
1646;3;208;219;LochMorar;x
1647;11;218;204;LochQuoich;x
1648;19;209;212;LochNess;x
1649;4;200;220;LochMonar;x
1650;12;210;205;LochMaree;x
1651;20;201;213;LochShin;x
1652;5;211;221;SE;x
1653;13;202;206;NW;x
1654;21;212;214;SW;x
1655;6;203;222;SWW;x
1656;14;213;207;NWW;x
1657;22;204;215;Eire;x
1658;7;214;223;S;x
1659;15;205;208;WS;x
1660;23;215;216;NS;x
1661;8;106;201;SE;x
1662;16;216;209;EE;x
1663;24;207;217;ES;x
1664;1;217;202;EEE;x
1665;9;208;210;SEE;x
1666;17;218;218;NE;x
1667;2;209;203;EES;x